category,reference_number,date_logged,request_status,issue_description,service,address
Roads & Infrastructure,9121013953,2025-10-15,Closed,Missing cover in the road along Hope Stret nearest corner Tuin Plein,Defect Road Foot Bic Way/Kerbs,23 HOPE STREET CAPE TOWN CITY CENTRE CAPE TOWN CITY CENTRE
Roads & Infrastructure,9121014035,2025-10-15,Closed,Repair of pavement along Tuin Plein nearest corner Hope Street in Gardens,Manhole Cover/Gully Grid,25 HOPE ST CAPE TOWN CAPE TOWN
Roads & Infrastructure,9121014710,2025-10-15,Closed,Missing cover by the Cathedral along Hope Street nearest corner Roeland Additional Address Information The missing cover is along Hope Street nearest corner Roeland,Manhole Cover/Gully Grid,7 ST JOHNS ROAD CAPE TOWN CITY CENTRE CAPE TOWN CITY CENTRE
Roads & Infrastructure,9121014795,2025-10-15,Closed,Pavement repair at the Cathedral along St Johns nearest corner Roeland,Defect Road Foot Bic Way/Kerbs,7 ST JOHNS ROAD CAPE TOWN CITY CENTRE CAPE TOWN CITY CENTRE
Roads & Infrastructure,9121014847,2025-10-15,Closed,Pavement repair along St Johns nearest corner Bouquet,Defect Road Foot Bic Way/Kerbs,21 ST JOHNS ROAD UNKNOWN CAPE TOWN CITY CENTRE
Roads & Infrastructure,9121014902,2025-10-15,Closed,Pavement repair along St Johns nearest corner Bouquet,Defect Road Foot Bic Way/Kerbs,21 ST JOHNS RD CAPE TOWN CAPE TOWN
Roads & Infrastructure,9121014947,2025-10-15,Closed,pavement repair needed along St Johns road nearest corner Bouquet,Defect Road Foot Bic Way/Kerbs,21 ST JOHNS RD CAPE TOWN CAPE TOWN
Roads & Infrastructure,9121014990,2025-10-15,Assigned,Storm water drain cleaning needed along St Johns nearest corner Bouquet,Block Pipe / Chan / Canal / Drain / Guly,48 ST JOHNS RD CAPE TOWN CAPE TOWN
Roads & Infrastructure,9121015048,2025-10-15,Closed,Pavement repair along St Johns nearest corner Vrede Street,Defect Road Foot Bic Way/Kerbs,52 ST JOHNS RD CAPE TOWN CAPE TOWN
Roads & Infrastructure,9121015104,2025-10-15,Closed,Pavement repair along St Johns nearest corner Vrede Street,Defect Road Foot Bic Way/Kerbs,79 ST JOHNS ROAD CAPE TOWN CITY CENTRE CAPE TOWN CITY CENTRE
Roads & Infrastructure,9121015136,2025-10-15,Closed,Missing manhole cover along St Johns nearest corner Vrede,Manhole Cover/Gully Grid,79 ST JOHNS RD CAPE TOWN CAPE TOWN
Roads & Infrastructure,9121015208,2025-10-15,Assigned,Trench along Vrede Street nearest corner St Johns,WAT: Re-Instatement after water incident,79 ST JOHNS ROAD CAPE TOWN CITY CENTRE CAPE TOWN CITY CENTRE
Water & Sanitation,9121015314,2025-10-15,Closed,Missing cover along Hatfield nearest corner Dunkley,Missing Cover Valve,0 CORNER DUNKLEY AND HATFIELD GARDENS GARDENS
Law Enforcement,9121015360,2025-10-15,Closed,Removing graffiti along Dunkley Square nearest corner Hatfield,Grafitti,107 DUNKLEY STREET GARDENS GARDENS
Roads & Infrastructure,9121015422,2025-10-15,Closed,Pavement repair along Hatfield nearest corner Wandel Street,Defect Road Foot Bic Way/Kerbs,117 HATFIELD ST CAPE TOWN CAPE TOWN
Roads & Infrastructure,9121015514,2025-10-15,Closed,Pavement repair along Wandel Street nearest corner Hatfield Additional Address Information Defect is along Wandel Street,Defect Road Foot Bic Way/Kerbs,129 HATFIELD ST GARDENS GARDENS
Roads & Infrastructure,9121015552,2025-10-15,Closed,Leak in Wandel street.,Leak in Road/Pavement/Undergr,18 WANDEL ST GARDENS GARDENS
Roads & Infrastructure,9121015598,2025-10-15,Closed,Missing cover along Wandel nearest corner Gordon,Manhole Cover/Gully Grid,2 GORDON ST GARDENS GARDENS
Roads & Infrastructure,9121015653,2025-10-15,Closed,Missing cover along Glynville nearest corner Barnet,Manhole Cover/Gully Grid,1 GLYNVILLE STREET GARDENS GARDENS
Law Enforcement,9121015740,2025-10-15,Closed,Graffiti along Wandel Street nearest corner Incohlm,Grafitti,3 WANDEL ST GARDENS GARDENS
Roads & Infrastructure,,2025-10-22,,Missing cover along Scott Street at number 19 nearest corner Maynard,,
Roads & Infrastructure,,2025-10-22,,Trees uprooting pavement along Scott Street at number 21 Scott Street nearest corner Maynard,,
Roads & Infrastructure,,2025-10-22,,Pavement uprooted along Scott Street at number 23 nearest corner Solan Road,,
Roads & Infrastructure,,2025-10-22,,Missing cover at corner Solan and 30 Scott Street,,
Roads & Infrastructure,,2025-10-22,,Pavement uprooted along Scott Street at number 29 nearest corner McKenzie,,
Roads & Infrastructure,,2025-10-22,,Fire hydrant along Brandweer nearest corner Roeland,,
Electricity,,2025-10-22,Closed,4x missing covers along Brandweer nearest corner Mill Street,,
Roads & Infrastructure,,2025-10-22,,3x missing covers along Roeland at Cape Penisula University nearest corner Brandweer,,
Roads & Infrastructure,,2025-10-22,,Missing cover along 19 Solan nearest corner Roodehek ar,,
Roads & Infrastructure,9121114999,2025-10-29,Closed,Missing survey marker cover at 105 Hope Street nearest corner Roodehek street.,Missing Cover Valve,105 HOPE ST GARDENS GARDENS
Water & Sanitation,9121115922,2025-10-29,In Progress,Missing survey marker cover along Hope and glynville Street. 26 glynville.,Missing Cover Valve,19 GLYNVILLE STREET UNKNOWN GARDENS
Law Enforcement,9121116224,2025-10-29,Closed,Graffiti along Glynville street nearest Hope street,Grafitti,30 HOPE STREET UNKNOWN GARDENS
Roads & Infrastructure,9121116295,2025-10-29,Closed,Defect in the road along Glynville stree nearest corner Wandel. 15 Glynville,Mowing - Road Reserves,"15 GLYNVILLE STREET GARDENS, CAPE TOWN GARDENS"
Law Enforcement,9121113640,2025-10-29,Closed,Graffiti along Glynville Street nearest corner Wandel Street. 15 Glynville,Inbound correspondence – miscellaneous,
Roads & Infrastructure,9121116790,2025-10-29,Closed,Missing lid along Glynville Street nearest corner Wandel,Missing Manhole Cover,30 HOPE STREET UNKNOWN GARDENS
Roads & Infrastructure,,2025-10-29,,Along Wandel,,
Roads & Infrastructure,9121117155,2025-10-29,Closed,Outside the school on Hope Street nearest corner Hopeville,Defect Road Foot Bic Way/Kerbs,30 HOPE STREET UNKNOWN GARDENS
Roads & Infrastructure,,2025-10-29,,Pole missing along Hope Street Nearest corner Hopeville Street. By the Good Hope School,,
Roads & Infrastructure,9121117216,2025-10-29,Closed,Pavement defect along Hope Street nearest corner Hopeville Street,Defect Road Foot Bic Way/Kerbs,30 HOPE STREET GARDENS GARDENS
Roads & Infrastructure,9121117515,2025-10-29,Closed,Pavement defect along Hopeville nearest corner Hope Street.,Defect Road Foot Bic Way/Kerbs,30 HOPE STREET GARDENS GARDENS
Roads & Infrastructure,9121117595,2025-10-29,Closed,Pavement defect along Hopeville Street nearest Mill,Defect Road Foot Bic Way/Kerbs,30 HOPE STREET UNKNOWN GARDENS
Roads & Infrastructure,9121117699,2025-10-29,Assigned,By jackhammer by Mill nearest corner Buitenkant,Block Pipe / Chan / Canal / Drain / Guly,Unknown JACK HAMMER'S HARDWARE SPECIALTY STORE GARDENS GARDENS
Roads & Infrastructure,9121117781,2025-10-29,Assigned,Tree removal along Mill Street nearest corner Maynard.,Tree Removal,173 BUITENKANT STREET UNKNOWN GARDENS
Roads & Infrastructure,9121119776,2025-10-30,Closed,"Defect in kerb along Maynard street, nearest corner Mill Street",Lowering of Kerbs and Pavements,18 SCOTT STREET GARDENS GARDENS
Roads & Infrastructure,9121119875,2025-10-30,In Progress,Missing survey marker cover along Buitenkant Street nearest corner Scott Street,Missing Cover Valve,0 SCOTT STREET GARDENS GARDENS
Roads & Infrastructure,9121120031,2025-10-30,Closed,Missing square shaped cover at 161 Buitenkant nearest corner Scott Street,Manhole Cover/Gully Grid,130 BUITENKANT STREET UNKNOWN GARDENS
Water & Sanitation,9121120733,2025-10-30,Closed,Missing survey marker cover along Roodehek Street nearest corner Buitenkant,Manhole Cover/Gully Grid,130 BUITENKANT STREET UNKNOWN GARDENS
Water & Sanitation,9121121698,2025-10-30,Closed,Missing survy marker cover along Glynn nearest corner Buitenkant,Manhole Cover/Gully Grid,93 BUITENKANT STREET CAPE TOWN CITY CENTRE CAPE TOWN CITY CENTRE
Roads & Infrastructure,9121121844,2025-10-30,Closed,Pothole along Glynn nearest corner Buitenkant street.,Road - Pothole repair,93 BUITENKANT STREET UNKNOWN CAPE TOWN CITY CENTRE
Water & Sanitation,9121121937,2025-10-30,Registered,Missing survey marker cover along Buitenkant at Jackson terrace nearest corner Glynn Street,Stolen Treated Effluent Chamber Cover,93 BUITENKANT STREET UNKNOWN CAPE TOWN CITY CENTRE
Electricity,9121122023,2025-10-30,Closed,Missing electric pole cover along Buitenkant nearest corner Roeland,Cable Exposed,63 BUITENKANT STREET UNKNOWN CAPE TOWN CITY CENTRE
Water & Sanitation,9121122087,2025-10-30,Registered,"Missing survey marker cover along Buitenkant street, nearest corner Roeland street.",Stolen Treated Effluent Chamber Cover,46 ROELAND STREET UNKNOWN CAPE TOWN CITY CENTRE
Water & Sanitation,9121122208,2025-10-30,Closed,"Defect on the pavement surrounding three manholes, along Roeland street nearest corner Buitenkant street.",Defect Road Foot Bic Way/Kerbs,22 MILL STREET CAPE TOWN CITY CENTRE CAPE TOWN CITY CENTRE
Roads & Infrastructure,9121122457,2025-10-30,Closed,Defect on kerb & street in front of 75 Hope street nearest corner Wandel street.,Road - Pothole repair,14A BOUQUET STREET UNKNOWN CAPE TOWN CITY CENTRE
Roads & Infrastructure,9121122607,2025-10-30,Closed,Kerb defect along Hope Street nearest corner Wandel Street by 75 Hope Street,Lowering of Kerbs and Pavements,75 HOPE ST CAPE TOWN CAPE TOWN
Roads & Infrastructure,9121122871,2025-10-30,Closed,Reinstatement needed on Glynn Street nearest corner Hope,Traffic sign - Damage,49 HOPE STREET UNKNOWN CAPE TOWN CITY CENTRE
Water & Sanitation,9121121077,2025-10-30,Closed,"Drain leak in front of 19 Maynard street, corner of Wesley & Maynard street.",Leak at Valve,19 MAYNARD STREET UNKNOWN GARDENS
Water & Sanitation,9121121243,2025-10-30,Closed,Water leak in front of 50 Roeland street nearest corner Buitenkant street.,Leak in Road/Pavement/Undergr,50 ROELAND ST CAPE TOWN CAPE TOWN
Roads & Infrastructure,9121129858,2025-10-31,Closed,"Potholes along Tuin Plein street, next to three grid drains.",Road - Pothole repair,14A BOUQUET STREET UNKNOWN CAPE TOWN CITY CENTRE
Water & Sanitation,9121143565,2025-11-03,Closed,"Missing manhole cover in front of 46 Barnet street, nearest corner Dunkley street.",Manhole Cover/Gully Grid,46 BARNET STREET UNKNOWN GARDENS
Electricity,9121144116,2025-11-03,Closed,"Exposed / loose wires in front of 24 Dunkley street, Dunkley square, nearest corner Wandel street.",Cable Exposed,56 BARNET STREET UNKNOWN GARDENS
Water & Sanitation,9121158995,2025-11-05,Closed,"Water leak in front of 18 Wandel street, nearst corner Wandel street.",Burst Pipe,18 WANDEL ST GARDENS GARDENS
Water & Sanitation,9121162194,2025-11-05,In Progress,Reinstatement needed along Wandel Street nearest corner Glynville.,SEW:Re-instatement after Sewer Incident,30 HOPE STREET UNKNOWN GARDENS
,,2025-11-05,,Pipe needs to be repaired along Courville Street nearest corner Wandel Street.,,
Roads & Infrastructure,,2025-11-05,,Pavement reinstatement along Courville Street nearest corner Wandel Street,,
Roads & Infrastructure,,2025-11-05,,Missing cover along Courville Streer nearest corner Wandel Street.,,
Roads & Infrastructure,,2025-11-05,,Missing cover along Courville Street nearest corner Wandel Street,,
Roads & Infrastructure,,2025-11-05,,Road reinstatement needed along Courville Street nearest corner Hopeville Street,,
Roads & Infrastructure,9121172569,2025-11-06,Closed,"Missing cover in front of 8 Hopeville Street, nearest cornet Courtville street.",Missing Manhole Cover,8 HOPEVILLE ST GARDENS GARDENS
Water & Sanitation,9121167329,2025-11-06,Closed,"Missing square cover in front of number 9 Gordon street, nearest corner Wandel street.",Manhole Cover/Gully Grid,9 GORDON ST GARDENS GARDENS
Water & Sanitation,9121167427,2025-11-06,Closed,Missing square cover at 16 Gordon street nearest corner Wandel Street,Manhole Cover/Gully Grid,16 GORDON ST GARDENS GARDENS
Roads & Infrastructure,9121167448,2025-11-06,Closed,Defect in the road in front of 3 Gordon Street nearest corner Wandel Street.,Defect Road Foot Bic Way/Kerbs,3 GORDON ST GARDENS GARDENS
Water & Sanitation,9121167684,2025-11-06,Closed,Missing square cover along in front of 10 Gordon Street nearest corner Wandel Street,Manhole Cover/Gully Grid,10 GORDON ST GARDENS GARDENS
Roads & Infrastructure,9121167868,2025-11-06,Closed,Missing square cover in front of 6 Gordon Street nearest corner Wandel Street,Manhole Cover/Gully Grid,6 GORDON ST GARDENS GARDENS
Roads & Infrastructure,9121167952,2025-11-06,Closed,Missing cover in front of 4 Gordon Street nearest corner Wandel Street,Manhole Cover/Gully Grid,4 GORDON ST GARDENS GARDENS
Roads & Infrastructure,9121168007,2025-11-06,Closed,Missing survey marker cover in front of 18 Wandel Street nearest corner is Gordon street.,Missing Cover Valve,18 WANDEL ST GARDENS GARDENS
Roads & Infrastructure,9121172479,2025-11-06,Closed,Defect on the pavement in front of 39 Wandel Street nearest corner Hatfield.,Defect Road Foot Bic Way/Kerbs,0 WANDEL STREET GARDENS GARDENS
Roads & Infrastructure,9121172464,2025-11-06,Registered,"Missing cover on the corner Dunkley and Hatfield street, next to the blue lid.",Stolen Treated Effluent Chamber Cover,0 HATFIELD ROAD GARDENS GARDENS
Roads & Infrastructure,9121168093,2025-11-06,Closed,Road reinstatement needed in front of 8 Vrede street nearest corner St John's street.,Traffic sign - Damage,8 VREDE AVE GARDENS GARDENS
Roads & Infrastructure,9121168125,2025-11-06,Closed,Road defect in front of 8 Vrede street corner Tuin Plein street.,Defect Road Foot Bic Way/Kerbs,8 VREDE AVE GARDENS GARDENS
Roads & Infrastructure,9120949354,2025-10-06,Assigned,Road markings needed along Hatfield road between Annadale and Roeland Street,Paint Markings Lines & Signs,109 HATFIELD ST CAPE TOWN CAPE TOWN
Roads & Infrastructure,9120966308,2025-10-08,Closed,Pavement repair needed along Scott Street nearest corner Maynard Street in Gardens,Defect Road Foot Bic Way/Kerbs,169 BUITENKANT STREET UNKNOWN GARDENS
Water & Sanitation,9120966555,2025-10-08,Closed,Damaged fire hydrant cover along Maynard Street nearest corner Scott Street,Missing Cover Fire Hydrant,4 MAYNARD STREET PARK GARDENS
Roads & Infrastructure,9120966665,2025-10-08,Assigned,Stormwater drain needs to be cleaned along Roodehek nearest corner Buitenkant Street Additional Address Information drain is along roodehek street,Block Pipe / Chan / Canal / Drain / Guly,120 BUITENKANT ST GARDENS GARDENS
Roads & Infrastructure,9120966710,2025-10-08,Assigned,"Road repairs needed on Wesley Street, nearest corner Maynard Street in Gardens",Defect Road Foot Bic Way/Kerbs,19 MAYNARD ST GARDENS GARDENS
Roads & Infrastructure,9120966785,2025-10-08,Closed,Pavement repairs needed along Wesley Street nearest corner Buitenkant Additional Address Information defect is along Wesley Street,Defect Road Foot Bic Way/Kerbs,125 BUITENKANT ST GARDENS GARDENS
Roads & Infrastructure,9120966842,2025-10-08,Closed,Damaged cover along Buitenkant Street nearest corner Glynn Street,Faulty Damaged Manhole Cover,"78A BUITENKANT STREET CAPE TOWN CITY CENTRE, CAPE TOWN CAPE TOWN CITY CENTRE"
Roads & Infrastructure,9120966870,2025-10-08,Assigned,damaged pavement along Buitenkant street nearest corner Glynn Street,Defect Road Foot Bic Way/Kerbs,"78 BUITENKANT STREET CAPE TOWN CITY CENTRE, CAPE TOWN CAPE TOWN CITY CENTRE"
Roads & Infrastructure,9120967388,2025-10-08,Assigned,Repairs required along Buitenkant street nearest corner Roeland Street,WAT: Re-Instatement after water incident,34 ROELAND STREET CAPE TOWN CITY CENTRE CAPE TOWN CITY CENTRE
Roads & Infrastructure,9120967424,2025-10-08,Closed,Water leak along Buitenkant nearest corner Roeland Street,Burst Pipe,46 ROELAND STREET CAPE TOWN CITY CENTRE CAPE TOWN CITY CENTRE
Roads & Infrastructure,9120967472,2025-10-08,Closed,Repair of pavement along Roeland Street nearest corner Hope street in Gardens,Defect Road Foot Bic Way/Kerbs,16 ROELAND ST CAPE TOWN CAPE TOWN
Roads & Infrastructure,9120969385,2025-10-08,Closed,Pavement repair needed along Roeland Street nearest corner Hope Street in Gardens,Defect Road Foot Bic Way/Kerbs,6 ROELAND STREET CAPE TOWN CITY CENTRE CAPE TOWN CITY CENTRE
Roads & Infrastructure,9120969514,2025-10-08,Closed,Stormwater drain covers along Wesley street have been stolen. The covers are in the Tuin Plein park between Hope Street and Tuin Plein in Gardens Additional Address Information,Manhole Cover/Gully Grid,14 TUIN PLEIN UNKNOWN CAPE TOWN CITY CENTRE
Water & Sanitation,9120971915,2025-10-09,Closed,"Water leak corner Buitenkant and Roeland street, in front of the Kimberly hotel.",Drain Blockage at the Facility,46 ROELAND STREET CAPE TOWN CITY CENTRE CAPE TOWN CITY CENTRE
Water & Sanitation,9120972180,2025-10-09,Closed,"Construction of building and internal works commenced in 2024 and is nearly complete (expected to finish 20 Oct 2025), however external water connections (fire supply and commercial) is not yet resolved, which is of real concern to the Owner who would like to start with trading shortly, however occupancy certificate release is also tied to the successful completion of the external fire supply connection. Additional Address Information",No Water Supply - Below 40mm,2 ROODEHEK ST GARDENS GARDENS
Roads & Infrastructure,9121196646,2025-11-10,Assigned,Reinstatement needed along Buitenkant at number 155 nearest corner Roodehek,SEW:Re-instatement after Sewer Incident,115 BUITENKANT ST GARDENS GARDENS
Roads & Infrastructure,9120985664,2025-10-10,Assigned,Broken Kerb at Wembley Square along McKenzie nearest corner Glynn street.,Steps and Staircases/Concrete Structures,23 SOLAN ROAD GARDENS GARDENS
Water & Sanitation,9121198298,2025-11-11,Closed,Water leak in corner of Solan and Scott street,Leak in Road/Pavement/Undergr,10 SOLAN ROAD GARDENS GARDENS
Roads & Infrastructure,9121273392,2025-11-21,Closed,Road repairs needed along Hope Street at number 27 Hope Street. Nearest corner Tuin Plein,Burst Pipe,1 BICKLEY STREET DOBSON DOBSON
Roads & Infrastructure,9121258579,2025-11-19,Closed,Missing survey marker cover along Roeland Street nearest corner Hope Street,Missing Cover Valve,7 HOPE STREET CAPE TOWN CITY CENTRE CAPE TOWN CITY CENTRE
Electricity,9121269392,2025-11-20,Closed,"Exposed wires next to a man hole in front of 1 Hope Street, nearest corner Roeland street.",Wires Exposed,0 CORNER HOPE AND ROELAND CAPE TOWN CITY CENTRE CAPE TOWN CITY CENTRE
Roads & Infrastructure,9121269684,2025-11-20,Closed,Missing square cover in front of 14A roeland street. Nearest,Missing Manhole Cover,14 ROELAND ST CAPE TOWN CAPE TOWN
Roads & Infrastructure,9121269838,2025-11-20,Closed,Missing survey marker in fornt of 16-18 Roeland Street,Missing Cover Valve,16 ROELAND ST CAPE TOWN CAPE TOWN
Roads & Infrastructure,9121270656,2025-11-20,Closed,Broken kerb in front of the Kimberley hotel at 46 Roeland street. Corner of Buitenkant & Roeland street.,Mowing - Road Reserves,46 ROELAND ST CAPE TOWN CAPE TOWN
Roads & Infrastructure,9121270854,2025-11-20,Assigned,"Reinstatement needed in front of 46 Roeland Street, nearest corner Roeland street.",Traffic sign - Damage,46 ROELAND ST CAPE TOWN CAPE TOWN
Water & Sanitation,9121271110,2025-11-20,Registered,"Missing survey cover in front of 46 Roeland Street, nearest corner is Buitenkant street.",Replace Manhole cover & frame,46 ROELAND ST CAPE TOWN CAPE TOWN
Roads & Infrastructure,9121271376,2025-11-20,Closed,"Pavement repairs needed along 39 Buitenkant Street, nearest corner Roeland street.",Defect Road Foot Bic Way/Kerbs,50 ROELAND STREET DISTRICT SIX DISTRICT SIX
Water & Sanitation,9121273343,2025-11-21,Closed,"Missing survey marker in front of 56 Roeland Terrace, nearest corner Buitenkant street.",Missing Manhole Cover,56 ROELAND TER CAPE TOWN CAPE TOWN
Water & Sanitation,9121272647,2025-11-20,Closed,"Water reinstatement in front of 62 Roeland street., nearest corner is Harrington street.",Leak in Road/Pavement/Undergr,62 ROELAND ST GARDENS GARDENS
Electricity,9121272655,2025-11-20,Closed,"Electric pole with exposed wires in front of 62 Roeland Street, nearest corner Harrington street.",Cable Exposed,62 ROELAND ST GARDENS GARDENS
Roads & Infrastructure,9121272673,2025-11-20,Closed,"Damaged sign in front of 62 Roeland Street, nearest corner Upper Canterbury street.",Traffic sign - Damage,0 CORNER ROELAND AND UPPER CANTERBURY GARDENS GARDENS
Electricity,9121272685,2025-11-20,Closed,"Damaged traffic light in front of 62 Roeland Street, nearest corner is Upper Canterbury street.",Street Lights - Single Light Out,62 ROELAND ST GARDENS GARDENS
Roads & Infrastructure,9121272722,2025-11-20,Closed,"Missing rectangular cover in front of 100 upper Canterbury, nearest corner Glynn street.",Bollard/Guard/Handrails,100 UPPER CANTERBURY ST GARDENS GARDENS
Roads & Infrastructure,9121272760,2025-11-20,Closed,"Missing survey marker cover along Upper Canterbury street, nearest corner Glynn Street.",Bollard/Guard/Handrails,0 CORNER GLYNN AND UPPER CANTERBURY GARDENS GARDENS
Roads & Infrastructure,9121272795,2025-11-20,Closed,Broken kerb in front of 65 Reitlane along Hope street.,Defect Road Foot Bic Way/Kerbs,0 HOPE STREET GARDENS GARDENS
Roads & Infrastructure,9121272821,2025-11-20,Closed,"Missing stormwater cover at 75 Hope Street, nearest corner Glynn street.",Manhole Cover/Gully Grid,75 HOPE ST CAPE TOWN CAPE TOWN
Roads & Infrastructure,9121272834,2025-11-20,Closed,"Missing survey marker cover at number 97 Hope Street, nearest corner Wesley street.",Bollard/Guard/Handrails,97 HOPE ST CAPE TOWN CAPE TOWN
Roads & Infrastructure,9121272700,2025-11-20,Closed,"Missing survey cover at 31 Wesley Street, nearest corner Upper Canterbury street.",Bollard/Guard/Handrails,31 WESLEY ST GARDENS GARDENS
Water & Sanitation,9121272864,2025-11-20,Closed,Leak in the road along McKenzie street nearest corner Wembley Street opposite Jutland Park,Flooding Road / Property / Informal Sett,0 CORNER MCKENZIE AND WEMBLEY GARDENS GARDENS
Roads & Infrastructure,9121272887,2025-11-20,Assigned,Broken kerb along McKenzie street nearest corner Wesley Street at Wembley Square,Defect Road Foot Bic Way/Kerbs,0 CORNER MCKENZIE AND WEMBLEY GARDENS GARDENS
Roads & Infrastructure,9121272905,2025-11-20,Closed,"Missing circular cover in front of 80 McKenzie street, nearest corner Roeland street.",Manhole Cover/Gully Grid,80 MCKENZIE ST GARDENS GARDENS
Roads & Infrastructure,9121272930,2025-11-20,Closed,Missing survey marker cover along Roeland Street nearest corner Solan at 68 Roeland Street,Manhole Cover/Gully Grid,0 ROELAND STREET GARDENS GARDENS
Roads & Infrastructure,9121272936,2025-11-20,Closed,Defect in the road along Harringtonn Street Nearest corner Roeland street at 115b Harrington Street // Defect in road in front of a white building 111 Harrington street,Defect Road Foot Bic Way/Kerbs,115 HARRINGTON ST GARDENS GARDENS
Water & Sanitation,9121291889,2025-11-20,Closed,Defect in the road along Harringtonn Street Nearest corner Roeland street at 115b Harrington Street // Defect in road in front of a white building 111 Harrington street,Defect Road Foot Bic Way/Kerbs,115 HARRINGTON ST GARDENS GARDENS
Roads & Infrastructure,9121272953,2025-11-20,Closed,Pothole along Harrington Street nearest corner Roeland Street at 115b Harrinton Street,Defect Road Foot Bic Way/Kerbs,115 HARRINGTON ST GARDENS GARDENS
Electricity,9121272232,2025-11-20,Closed,Exposed wires on streetlight at 9 Maynard,Wires Down,9 MAYNARD ST GARDENS GARDENS
Parks & Recreation,9121273996,2025-11-21,Closed,Tree is about to fall on Glynn street nearest corner of Buitenkant street nearest address 1 Glynn street,Tree Trimming,1 GLYNN ST CAPE TOWN CAPE TOWN
Electricity,91212172909,2025-11-13,Closed,Street lights not working on Buitenkant Street,Customer Contact details updated,7 FLOWER STREET ORANJEZICHT
Electricity,9121276886,2025-11-21,Closed,Electric box door need to be fixed,Equipment Damaged,"169 BUITENKANT STREET GARDENS, CAPE TOWN GARDENS"
Water & Sanitation,9121277576,2025-11-21,Closed,"Missing cover along Scott street nearest corner of Buitenkant street,16 scott street",Missing Cover Valve,"16 SCOTT STREET GARDENS, CAPE TOWN GARDENS"
Water & Sanitation,9121280082,2025-11-21,Closed,In corner of Hope street and Glynn street broken manhole cover next to building 1 hope street.,Faulty Damaged Manhole Cover,85 HOPE STREET CAPE TOWN CITY CENTRE CAPE TOWN CITY CENTRE
Roads & Infrastructure,9121280042,2025-11-21,Closed,In corner of Hope street and Glynn street pothole next to building 1 hope street.,Road - Pothole repair,1 GLYNN STREET CAPE TOWN CITY CENTRE CAPE TOWN CITY CENTRE
Waste Management,9121282736,2025-11-22,Closed,In Barnet street next to building number 52 the are three dust bins full of rubbish,Mowing - Cemeteries,52 BARNET ST GARDENS GARDENS
Water & Sanitation,9121289438,2025-11-24,Closed,"1 Glynn street, leaking fire hydrant.",Leak at Fire Hydrant,90A GLYNN STREET UNKNOWN CAPE TOWN CITY CENTRE
Parks & Recreation,9121289747,2025-11-24,Closed,Bins required at Jutland Park.,Litter Bins Required,29 SCOTT STREET UNKNOWN GARDENS
Parks & Recreation,9121289909,2025-11-24,Closed,Bins required at Maynard street.,Litter Bins Required,4 MAYNARD STREET PARK GARDENS
Electricity,9121295595,2025-11-25,Closed,Street lights along Maynard Street are not working,Street Lights - All Lights Out,56 MAYNARD ST GARDENS GARDENS
Water & Sanitation,9121306482,2025-11-26,Closed,Broken fire hydrant lid on the corner of Glynn & Hope street.,Missing Cover Fire Hydrant,1 GLYNN STREET UNKNOWN CAPE TOWN CITY CENTRE
Roads & Infrastructure,9121306684,2025-11-26,Closed,Defect in road in front of 123 Hope street. Nearest corner Schoonder street.,Defect Road Foot Bic Way/Kerbs,"123 HOPE STREET GARDENS, CAPE TOWN GARDENS"
Water & Sanitation,9121306798,2025-11-26,Closed,"Missing square cover in front of 123 Hope street, nearest corner Schoonder street.",Missing Manhole Cover,123 HOPE STREET UNKNOWN GARDENS
Roads & Infrastructure,9121306949,2025-11-26,Assigned,"Defect in pavement next to a drain, in front of 123 Hope street, nearest corner Schoonder street.",Defect Road Foot Bic Way/Kerbs,123 HOPE STREET GARDENS GARDENS
Water & Sanitation,9121307191,2025-11-26,Closed,"Missing water meter cover in front of 115 Schoonder street, nearest corner Mill street.",Missing Cover Valve,115 SCHOONDER STREET GARDENS GARDENS
Roads & Infrastructure,9121307314,2025-11-26,In Progress,"Reinstatement needed in front of 115 Schoonder street, nearest corner Mill street.",SEW:Re-instatement after Sewer Incident,115 SCHOONDER ST GARDENS GARDENS
Water & Sanitation,9121307440,2025-11-26,Closed,"Missing survey marker in front of 68 Maynard street, nearest corner Scott street.",Missing Cover Valve,68 MAYNARD ST GARDENS GARDENS
Roads & Infrastructure,9121312651,2025-11-26,Assigned,Reinstatement of tar on the pavement next to the parking lot along Glynn street.,SEW:Re-instatement after Sewer Incident,90A GLYNN STREET UNKNOWN CAPE TOWN CITY CENTRE
Water & Sanitation,9121319155,2025-11-27,Closed,Missing fire hydrant cover at 27 Hope Street,Missing Cover Fire Hydrant,0 HOPE STREET GARDENS GARDENS
Electricity,9121322154,2025-11-27,Closed,All street light are out,Street Lights - All Lights Out,0 DUNKLEY STREET GARDENS GARDENS
Parks & Recreation,9121322626,2025-11-28,Closed,Tree affecting boundary fence at 106 Buitenkant Street,Tree affecting power supply,106 BUITENKANT ST GARDENS GARDENS
Water & Sanitation,9121325459,2025-11-28,Closed,"Pothole in front of 1 Roodehek street, nearest corner is Hope street.",WAT: Re-Instatement after water incident,1 ROODEHEK ST GARDENS GARDENS
Roads & Infrastructure,9121325593,2025-11-28,Closed,"Defect in road in front of 2 Roodehek street, nearest cornerHope street.",Defect Road Foot Bic Way/Kerbs,2 ROODEHEK ST GARDENS GARDENS
Electricity,9121334128,2025-11-30,Closed,Street light fell and broke at no16 Wembley Road,Street Lights - Single Light Out,16 WEMBLEY RD GARDENS GARDENS
Traffic,9121340252,2025-12-01,Closed,Illegal ranking along Mill Street outside Jack Hammers nearest corner Buitenkant Street,Illegal Ranking,146 BUITENKANT ST GARDENS GARDENS
Waste Management,9121339542,2025-12-01,Closed,Dumping needs to be removed at Dunkely street,Illegal Dumping,12 DUNKLEY ST GARDENS GARDENS
Parks & Recreation,9121339628,2025-12-01,Closed,Trimming tree along Barnet street nearest corner of Dunkley street.,Tree Trimming,12 DUNKLEY ST GARDENS GARDENS
Roads & Infrastructure,9121339810,2025-12-01,Closed,Missing cover along Barnet street nearest corner of Vrede street.,Traffic sign - Damage,32 BARNET ST GARDENS GARDENS
Roads & Infrastructure,9121340008,2025-12-01,Assigned,Defect in the road along Barnet street nearest corner Vrede street.,Defect Road Foot Bic Way/Kerbs,32 BARNET ST GARDENS GARDENS
Parks & Recreation,9121340101,2025-12-01,Closed,Tree needs to be trimmed along St Johns street nearest corner of Vrede street.,Tree Trimming,8 VREDE AVE GARDENS GARDENS
Waste Management,9121340316,2025-12-01,Closed,Rubbish needs to be removed in Hope street nearest corner of Tuin plein street.,Illegal Dumping,27 HOPE ST CAPE TOWN CAPE TOWN
Waste Management,9121340385,2025-12-01,Closed,In Hope street the is umping needs to be cleaned.,Illegal Dumping,27 HOPE ST CAPE TOWN CAPE TOWN
Waste Management,9121340637,2025-12-01,Closed,In corner of Glynn street and Buitenkant street rubbish need to be removed.,Illegal Dumping,0 CORNER BUITENKANT AND GLYNN CAPE TOWN CITY CENTRE CAPE TOWN CITY CENTRE
Electricity,9121341681,2025-12-01,Closed,Street lights at Dunkley Square are off. We suspect there is something wrong with the box on the street light labelled 843,Street Lights - All Lights Out,14 WANDEL ST GARDENS GARDENS
Electricity,9121351709,2025-12-02,Closed,All the street lights in lower Gardens are not working,Street Lights - All Lights Out,0 BUITENKANT STREET GARDENS GARDENS
Water & Sanitation,9121354579,2025-12-03,Assigned,Reinstatement needed along Glynn Street at number 1 Glynn Street nearest corner Hope Street,WAT: Re-Instatement after water incident,0 GLYNN STREET GARDENS GARDENS
Water & Sanitation,9121348972,2025-12-02,Closed,Defect in the pavement along Glynn towards Buitenkant. Nearest address 7 Glynn Street,Illegal Ranking,Unknown JACK HAMMER'S HOME IMPROVEMENT & HARDWARE STORE GARDENS GARDENS
Law Enforcement,9121354971,2025-12-03,Closed,Graffiti at 7 Glynn Street nearest corner Buitenkant,Grafitti,0 GLYNN STREET GARDENS GARDENS
Water & Sanitation,9121354971,2025-12-03,,Missing survey marker along Solan Street at number 19 nearest corner Wesley Street,,
Water & Sanitation,9121355218,2025-12-03,Closed,Missing square cover along Solan Street nearest corner Wesley Street. Address 17 Solan Street,Missing Cover Valve,0 SOLAN ROAD GARDENS GARDENS
Roads & Infrastructure,9121355288,2025-12-03,Closed,Pavement repairs needed along Glynn Street at 38 Glynn nearest corner McKenzie Street,Defect Road Foot Bic Way/Kerbs,44 GLYNN STREET UNKNOWN GARDENS
Water & Sanitation,9121358823,2025-12-03,Closed,Missing cover along Scott Street at number 27 nearest corner McKenzie,Missing Cover Valve,"27 SCOTT STREET GARDENS, CAPE TOWN GARDENS"
Water & Sanitation,9121358849,2025-12-03,Registered,Leaking water meter along Scott Street at number 25 nearest corner McKenzie,Leak on Treated Effluent Meter,25 SCOTT ST GARDENS GARDENS
Roads & Infrastructure,9121358858,2025-12-03,Assigned,Reinstatement needed along Scott Street at number 28 nearest cotner Solan Street,WAT: Re-Instatement after water incident,"28 SCOTT STREET GARDENS, CAPE TOWN GARDENS"
Electricity,9121359993,2025-12-04,Closed,Exposed cable along Scott Street at number 28 nearest Solan Street,Cable Exposed,28 SCOTT ST GARDENS GARDENS
Water & Sanitation,9121360016,2025-12-04,Closed,Missing cover along Scott Street at number 28 nearest corner Solan Street,Missing Cover Fire Hydrant,28 SCOTT ST GARDENS GARDENS
Roads & Infrastructure,9121360053,2025-12-04,Closed,Defect in the pavement along Buitenkant at 173 Buitenkant nearest corner Mill Street,Defect Road Foot Bic Way/Kerbs,173 BUITENKANT ST GARDENS GARDENS
Law Enforcement,9121360112,2025-12-04,Closed,Graffiti along Hope Street at number 107 nearest corner Glynville,Grafitti,"107 HOPE STREET GARDENS, CAPE TOWN GARDENS"
Electricity,9121359466,2025-12-03,Closed,Street light in Buitenkant street are not working,Street Lights - All Lights Out,0 BUITENKANT STREET GARDENS GARDENS
Waste Management,9121365302,2025-12-04,Closed,Need new litter bins at Wembley square along Solan Street and Glynn Street,Litter Bins Required,11 WEMBLEY SQUARE GARDENS
Waste Management,9121366534,2025-12-05,Closed,Dumping of waste on the corner of Hope & Tuin Plein street in Lower Gardens.,Street Sweeping,27 CAMERON LANE CAPE TOWN CITY CENTRE CAPE TOWN CITY CENTRE
Electricity,9121367206,2025-12-05,Closed,Street lights not working on Glynn Street nearest corner Buitenkant Street. The street lights are on the Glynn Street side in front of their gate,Street Lights - Single Light Out,89 CLINIC ROBBIE NURROCK CDC CAPE TOWN CITY CENTRE
Waste Management,9121367812,2025-12-05,Closed,Dumping opposite 6A Wesley street Lower Gardens.,Street Sweeping,6 WESLEY ST GARDENS GARDENS
Water & Sanitation,9121370148,2025-12-05,Closed,Missing storm water cover along Vrede Street nearest corner Barnet at 11 Vrede Street,Missing Cover Valve,16 TUIN PLEIN UNKNOWN CAPE TOWN CITY CENTRE
Water & Sanitation,9121370254,2025-12-05,In Progress,Water reinstatement needed along Vrede Street nearest corner St John's at 11 Vrede Street,WAT: Re-Instatement after water incident,0 VREDE STREET GARDENS GARDENS
Roads & Infrastructure,9121370299,2025-12-05,Closed,Broken curb outside 32 Barnet Street (Dunkley House) nearest corner Vrede Street,Lowering of Kerbs and Pavements,32 BARNET STREET UNKNOWN GARDENS
Water & Sanitation,9121370348,2025-12-05,Closed,Missing water meter cover along Gordon Street at 4 Gordan Street nearest corner Wandel Street,Missing Cover Valve,4 GORDON STREET UNKNOWN GARDENS
Roads & Infrastructure,9121370439,2025-12-05,Closed,Broken kerb along Gordon Street at 13 Gordon Street nearest corner Courville Street,Lowering of Kerbs and Pavements,"13 GORDON STREET GARDENS, CAPE TOWN GARDENS"
Water & Sanitation,9121370492,2025-12-05,In Progress,Reinstatement needed along Courville nearest corner Hopeville at number 5 Courville Road,WAT: Re-Instatement after water incident,5 COURVILLE STREET UNKNOWN GARDENS
Roads & Infrastructure,9121371284,2025-12-05,Closed,Defect in the pavement along Wandel Street nearest corner Courville opposite number 18 Wandel,Defect Road Foot Bic Way/Kerbs,18A WANDEL STREET GARDENS GARDENS
Roads & Infrastructure,9121371839,2025-12-05,In Progress,"Between Scott & Solan street, the stop signs need to be repainted.",Paint Markings Lines & Signs,23 SCOTT STREET UNKNOWN GARDENS
Roads & Infrastructure,9121371848,2025-12-05,Closed,Potholes at the stop sign between Scott & Solan street.,Road - Pothole repair,23 SCOTT STREET UNKNOWN GARDENS
Roads & Infrastructure,9121371962,2025-12-05,In Progress,"Glynn and Hope,The stop sign needs repainting.",Paint Markings Lines & Signs,39 HOPE STREET CAPE TOWN CITY CENTRE CAPE TOWN CITY CENTRE
Roads & Infrastructure,9121373725,2025-12-06,Closed,Potholes in corner of Roeland and buitenkant,Road - Pothole repair,46 ROELAND STREET UNKNOWN CAPE TOWN CITY CENTRE
Roads & Infrastructure,9121373734,2025-12-06,Closed,"Between Glynn and Hope Street, the stop sign needs repainting.",Paint Markings Lines & Signs,85 HOPE STREET UNKNOWN CAPE TOWN CITY CENTRE
Roads & Infrastructure,9121373747,2025-12-06,Closed,The pedestrian pole sign is not straight between Glynn & Hope street.,Traffic sign - Damage,85 HOPE STREET UNKNOWN CAPE TOWN CITY CENTRE
Waste Management,9121373761,2025-12-06,Closed,Rubbish only no new structures in Wesley street between Buitenkant and hope street,Street Sweeping,6 WESLEY STREET GARDENS GARDENS
Waste Management,9121373773,2025-12-06,New,In Wesley between Buitenkant and Hope.This rubbish came out of the white building and the other one comes from the 2 old structures that are destroyed.,Building rubble on pavement,0 WESLEY ROAD GARDENS GARDENS
Waste Management,9121373789,2025-12-06,Closed,Waste removal needed between Jutland Park & Upper Mill street.,Street Sweeping,29 SCOTT STREET UNKNOWN GARDENS
Roads & Infrastructure,9121373796,2025-12-06,Closed,Large pothole between Hope & Roodehek Street.,Road - Pothole repair,101 HOPE STREET GARDENS GARDENS
Waste Management,9121376510,2025-12-08,Closed,Two plastic bags with rubbish on the Conner of hope and Tuin Plein Street,Illegal Dumping,0 CORNER HOPE AND TUIN CAPE TOWN CITY CENTRE CAPE TOWN CITY CENTRE
Waste Management,9121376531,2025-12-08,Closed,Three plastic bags with rubbish on the Conner of Vrede and Tuin Plain street,Illegal Dumping,0 CORNER TUIN AND VREDE GARDENS GARDENS
Traffic,9121380755,2025-12-08,Closed,Illegal ranking along Mill Street outside Jack Hammers nearest corner Buitenkant Street,Illegal Ranking,Unknown JACK HAMMER'S HOME IMPROVEMENT & HARDWARE STORE GARDENS GARDENS
Environmental Health,9121381875,2025-12-08,Closed,Material needs to be removed along Wesley Street with the nearest corner Buitenkant Street,Health Hazard - Accumulation of material,6 WESLEY ST GARDENS GARDENS
Environmental Health,9121381956,2025-12-08,Closed,Material needs to be removed along Buitenkant Street with the nearest corner Roeland Street,Health Hazard - Accumulation of material,34 ROELAND STREET CAPE TOWN CITY CENTRE CAPE TOWN CITY CENTRE
Waste Management,9121383820,2025-12-08,Closed,Dumping of rubbish at Roodehek and Maynard Street,Health Hazard - Unhygienic disposal of a,0 CORNER MAYNARD AND ROODEHEK GARDENS GARDENS
Electricity,9121383833,2025-12-08,Closed,All Street lights are off at Maynard Street,Street Lights - All Lights Out,0 MAYNARD ROAD GARDENS GARDENS
Electricity,9121383858,2025-12-08,Closed,All Street lights are off at Maynard Street,Street Lights - All Lights Out,"16 SCOTT STREET GARDENS, CAPE TOWN GARDENS"
Waste Management,9121384160,2025-12-09,Closed,dumping of rubbish at Buitnkant and Glynn Street,Health Hazard - Unhygienic disposal of a,0 BUITENKANT STREET GARDENS GARDENS
Electricity,9121389550,2025-12-09,Closed,In corner of Maynard and wesley street plasting need to be removed in electic wire,Wires Down,0 CORNER MAYNARD AND WESLEY GARDENS GARDENS
Electricity,9121392035,2025-12-09,Closed,All Street lights are off at Courville Street,Street Lights - All Lights Out,0 COURVILLE STREET GARDENS GARDENS
Electricity,9121400649,2025-12-10,Closed,All Street lights are off at Glynville and Barnet Street.,Street Lights - All Lights Out,0 CORNER GLYNVILLE AND WANDEL GARDENS GARDENS
Waste Management,9121411933,2025-12-12,Closed,Rubish dumped on the corner of Hope & Tuin Plein street.,Street Sweeping,27 CAMERON LANE UNKNOWN CAPE TOWN CITY CENTRE
Waste Management,9121419941,2025-12-14,Closed,Illegal dumping on the corner of Incolm & Wandel street.,Street Sweeping,4 INCHOLM PLACE GARDENS GARDENS
Waste Management,9121420348,2025-12-14,Closed,Illegal dumping on the corner of corner of Buitenkant and Glynn.,Health Hazard - Unhygienic disposal of a,0 CORNER BUITENKANT AND GLYNN CAPE TOWN CITY CENTRE CAPE TOWN CITY CENTRE
Parks & Recreation,9121429989,2025-12-16,Assigned,"Tress stump needs removal in Buitenkant street, people are uritating around the area",Tree Removal,187 UPPER BUITENKANT STREET UNKNOWN VREDEHOEK
Roads & Infrastructure,9121430016,2025-12-16,Assigned,Reinstatement of the kerb & paving along Harrington & Roeland street.,Lowering of Kerbs and Pavements,110 HARRINGTON STREET UNKNOWN CAPE TOWN CITY CENTRE
Traffic,9121424241,2025-12-15,Closed,Illegal ranking along Mill Street outside Jack Hammers nearest corner Buitenkant Street,Illegal Ranking,Unknown JACK HAMMER'S HOME IMPROVEMENT & HARDWARE STORE GARDENS GARDENS
Parks & Recreation,9121429985,2025-12-16,Closed,Corner of Barnet & Dunkley Square at the Government municipality paving is very uneven.,Defect Road Foot Bic Way/Kerbs,10 WANDEL STREET GARDENS GARDENS
Electricity,9121438721,2025-12-18,Closed,All street lights out at Gordon and Wandel Street,Street Lights - All Lights Out,18A WANDEL STREET UNKNOWN GARDENS
Waste Management,912148721,2025-12-30,Completed,Illegal dumping in Hope Street,ZMLR611- Owner,30 Via Firenze Rosedale Estate
Waste Management,9121438822,2025-12-18,Closed,Illegal dumping next to number 14 Scot Street,Health Hazard - Unhygienic disposal of a,"14 SCOTT STREET GARDENS, CAPE TOWN GARDENS"
Law Enforcement,9121440463,2025-12-18,Closed,Removal of vagrant along Hope street corner of Bouquet street,Vagrants,"16 BOUQUET STREET CAPE TOWN CITY CENTRE, CAPE TOWN CAPE TOWN CITY CENTRE"
Law Enforcement,9121452065,2025-12-19,Closed,Graffiti removal at 9 Vrede street nearest corner of Tuin plein,Grafitti,0 CORNER TUIN AND VREDE GARDENS GARDENS
Water & Sanitation,9121452101,2025-12-19,Assigned,Water reinstatement at 9 Vrede street nearest corner of St Johns street,WAT: Re-Instatement after water incident,0 CORNER ST JOHNS AND VREDE CAPE TOWN CITY CENTRE CAPE TOWN CITY CENTRE
Water & Sanitation,9121452139,2025-12-19,In Progress,Water reinstatement needed along Vrede street at Vrede street at 6 corner of St Johns street,WAT: Re-Instatement after water incident,6 VREDE AVE GARDENS GARDENS
Parks & Recreation,9121452214,2025-12-19,Assigned,Tree touching the boundary fence at number 74 St Johns nearest corner of Vrede,Bush Clearing,0 CORNER ST JOHNS AND VREDE CAPE TOWN CITY CENTRE CAPE TOWN CITY CENTRE
Roads & Infrastructure,9121452272,2025-12-19,Closed,Pothole outside number 103 Hatfield street nearest corner of Dunkely street,Road - Pothole repair,0 CORNER DUNKLEY AND HATFIELD GARDENS GARDENS
Law Enforcement,9121452305,2025-12-19,Closed,Graffiti removal at number 129 Hatfield street nearest corner of Wandel street,Grafitti,129 HATFIELD ST GARDENS GARDENS
Law Enforcement,9121452368,2025-12-19,Closed,Graffiti removal needed at 137 Hatfield street nearest corner of Wandel street,Grafitti,137 HATFIELD ST GARDENS GARDENS
Parks & Recreation,9121452439,2025-12-19,Closed,Tree trimming needed at 143 Hatfield street nearest corner of Annandale,Tree Trimming,143 HATFIELD ST GARDENS GARDENS
Roads & Infrastructure,9121452582,2025-12-19,Closed,Missing drain cover 5 Courville street nearest corner of Hopeville,Defect Road Foot Bic Way/Kerbs,0 CORNER COURVILLE AND HOPEVILLE GARDENS GARDENS
Roads & Infrastructure,9121452586,2025-12-19,Closed,Road reinstatement needed at 5 Courville street nearest corner of Hopeville street,Defect Road Foot Bic Way/Kerbs,0 CORNER COURVILLE AND HOPEVILLE GARDENS GARDENS
Roads & Infrastructure,9121452580,2025-12-19,Assigned,Road markings needed atv 4 Incholm place nearest corner of Wandel street,Traffic sign - Missing,0 CORNER INCHOLM AND WANDEL GARDENS GARDENS
Electricity,9121455236,2025-12-20,Closed,"Street lights are not working in Buitenkant street,Glynn street corner of Hope street",Street Lights - All Lights Out,0 CORNER BUITENKANT AND GLYNN CAPE TOWN CITY CENTRE CAPE TOWN CITY CENTRE
Waste Management,9121458376,2025-12-22,Closed,Illegal dumping on the corner of Brandweer & Roeland street.,Street Sweeping,86 ROELAND STREET UNKNOWN GARDENS
Waste Management,,2025-12-22,,Illegal dumping on the corner of Hope & Tuin Plein street.,,
Waste Management,9121474671,2025-12-28,Closed,Illegal dumping on the corner of Buitenkant & Glynn street.,Health Hazard - Unhygienic disposal of a,0 CORNER BUITENKANT AND GLYNN CAPE TOWN CITY CENTRE CAPE TOWN CITY CENTRE
Waste Management,9121481453,2025-12-29,Closed,Dumping in corner of Buintenkant street and Glynn street next to Nurock day hospital,Illegal Dumping,0 CORNER BUITENKANT AND GLYNN CAPE TOWN CITY CENTRE CAPE TOWN CITY CENTRE
Waste Management,9121481436,2025-12-29,Closed,Dumping on corner of Maynard street and Wesley street,Illegal Dumping,0 CORNER MAYNARD AND WESLEY GARDENS GARDENS
Electricity,9121502000,2026-01-02,Closed,All Street lights are off at Glynn and Buitenkant Street,Street Lights - All Lights Out,0 CORNER BUITENKANT AND GLYNN CAPE TOWN CITY CENTRE CAPE TOWN CITY CENTRE
Electricity,9121506355,2026-01-04,Closed,"Maynard,Mill and Glynn Street",Street Lights - All Lights Out,0 CORNER MAYNARD AND MILL GARDENS GARDENS
Electricity,9121506359,2026-01-04,Closed,Scot and Mckenzie Street,Street Lights - All Lights Out,0 CORNER MCKENZIE AND SCOTT GARDENS GARDENS
Waste Management,9121506766,2026-01-05,Closed,In Wesley street between Buitenkant street and Hope street debris laying bad,Illegal Dumping,0 CORNER BUITENKANT AND WESLEY GARDENS GARDENS
Water & Sanitation,9121507711,2026-01-05,Closed,Between Harrington street and Glynn street next to building 143 Harrington pipe leaking need to be fixed,Burst Pipe,143 HARRINGTON ST GARDENS GARDENS
Water & Sanitation,9121520775,2026-01-06,Closed,Between Harrington street and Glynn street Harrington pipe leaking need to be fixed,Manhole Cover/Gully Grid,0 CORNER GLYNN AND HARRINGTON GARDENS GARDENS
Water & Sanitation,9121528690,2026-01-08,Closed,Between Harrington and Glynn street leak need to be fixed.,Burst Pipe,0 CORNER GLYNN AND HARRINGTON GARDENS GARDENS
Waste Management,9121528687,2026-01-08,Closed,In corner of Wesley and Buitenkant street the is dumping laying there.,Illegal Dumping,0 CORNER BUITENKANT AND WESLEY GARDENS GARDENS
Waste Management,9121528686,2026-01-08,Closed,In corner of Mckenzie street and Roeland street dumping need to be collected.,Illegal Dumping,0 CORNER MCKENZIE AND ROELAND GARDENS GARDENS
Waste Management,9121528683,2026-01-08,Closed,In corner of Glynn and Buitenkant street debris need to be collected,Illegal Dumping,0 CORNER BUITENKANT AND GLYNN CAPE TOWN CITY CENTRE CAPE TOWN CITY CENTRE
Roads & Infrastructure,9121535729,2026-01-08,Closed,Reinstatement needed at 9 Vrede Street nearest corner St John's Road,Traffic sign - Damage,16 TUIN PLEIN CAPE TOWN CITY CENTRE CAPE TOWN CITY CENTRE
Roads & Infrastructure,9121535751,2026-01-08,Closed,Reinstatement needed at 7 Vrede Street nearest corner St John's street.,Traffic sign - Damage,0 VREDE STREET GARDENS GARDENS
Parks & Recreation,9121535830,2026-01-08,Assigned,Tree touching the boundary at 87 St Johns Road nearest corner Vrede Street,Tree Trimming,79 ST JOHNS ROAD UNKNOWN GARDENS
Roads & Infrastructure,9121535862,2026-01-08,Closed,Reinstatement needed along Wandel Street at number 18 nearest corner Gordon Street,Traffic sign - Damage,18 WANDEL ST GARDENS GARDENS
Law Enforcement,9121535864,2026-01-08,Closed,Graffiti removal needed at 5 Glynville Street nearest corner Wandel Street,Grafitti,"5 GLYNVILLE STREET GARDENS, CAPE TOWN GARDENS"
Roads & Infrastructure,9121535869,2026-01-08,Closed,Defect in the road at number 2 Roodehek Street nearest corner Hope Street,Defect Road Foot Bic Way/Kerbs,2 ROODEHEK ST GARDENS GARDENS
Water & Sanitation,9121535903,2026-01-08,Closed,Missing cover at 8 Roodehek Street nearest corner Clare Street,Missing Cover Valve,8 CLARE STREET UNKNOWN GARDENS
Roads & Infrastructure,9121535909,2026-01-08,Assigned,Road repairs needed at 19 Maynard Street nearest corner Wesley Street,Traffic sign - Damage,19 MAYNARD ST GARDENS GARDENS
Water & Sanitation,9121543376,2026-01-09,Closed,There is water coming out again. Along Roodehek at number 7 Roodehek Street nearest corner Buitenkant,Leak at Fire Hydrant,7 ROODEHEK ST GARDENS GARDENS
Electricity,9121543736,2026-01-09,Closed,"Street lights are not working in Maynard,Glynn,Scott,Buitenkant and Mckenzie street.",Street Lights - All Lights Out,0 MCKENZIE STREET GARDENS GARDENS
Roads & Infrastructure,9121551539,2026-01-12,Closed,Potholes in Roodehek street. Reistatement needed.,Road - Pothole repair,7 ROODEHEK STREET UNKNOWN GARDENS
Electricity,9121556575,2026-01-12,Closed,"Street lights are off at Roodehek,Solan and Wembley Street",Street Lights - All Lights Out,17 CLARE STREET UNKNOWN GARDENS
Water & Sanitation,9121560371,2026-01-13,Closed,Water leak along Wandel street at number 7 nearest Incholm street,Blocked/Overflow,7 WANDEL ST GARDENS GARDENS
Electricity,9121572393,2026-01-15,Closed,"Water leak along Solen,Roodehek and Clair Street",Leak at Valve,0 CORNER ROODEHEK AND SOLAN GARDENS GARDENS
Electricity,9121572386,2026-01-15,Closed,Damaged Meter Box at Annadale and Hatfield Street,S/ Lights - Pole Knocked: MV Accidents,0 CORNER ANNADALE AND HATFIELD GARDENS GARDENS
Waste Management,9121571313,2026-01-14,Closed,In corner of Hope street and Tuin plein dumping need to be collected,Illegal Dumping,0 CORNER HOPE AND TUIN CAPE TOWN CITY CENTRE CAPE TOWN CITY CENTRE
Roads & Infrastructure,9121575029,2026-01-15,Closed,Road Reinstatement needed at 7 Courville nearest corner of Hopeville street,Traffic sign - Damage,"7 COURVILLE STREET GARDENS, CAPE TOWN GARDENS"
Waste Management,9121575456,2026-01-15,Closed,Dumping along Courville street nearest corner of Hopeville street,Illegal Dumping,0 CORNER COURVILLE AND HOPEVILLE GARDENS GARDENS
Roads & Infrastructure,9121575545,2026-01-15,Closed,Defect on the pavement along Wandel street nearest corner of Glynville street,Defect Road Foot Bic Way/Kerbs,0 CORNER GLYNVILLE AND WANDEL GARDENS GARDENS
Waste Management,9121580085,2026-01-15,Registered,Corner of Hope and Tuin Plein Street,Health Hazard - Unhygienic disposal of a,0 CORNER HOPE AND TUIN CAPE TOWN CITY CENTRE CAPE TOWN CITY CENTRE
Waste Management,9121580095,2026-01-15,Closed,Corner of Roodehek and Buitenkant Street,Health Hazard - Unhygienic disposal of a,0 CORNER BUITENKANT AND ROODEHEK GARDENS GARDENS
Electricity,9121587414,2026-01-16,Closed,"Street lights are off at Roodehek,Solan and Wembley Street,Maynard,Buitenkant,Solan and Scott.",Street Lights - All Lights Out,0 CORNER SCOTT AND SOLAN GARDENS GARDENS
Electricity,9121592691,2026-01-18,Closed,"street lights are not working in Maynard,Scott,Wesley,Buitenkant and Solan street atll these street are dark",Street Lights - All Lights Out,0 CORNER SCOTT AND SOLAN GARDENS GARDENS
Waste Management,9121593223,2026-01-19,Closed,Illegal dumping on the corner of Hope & Tuin Plein street.,Illegal Dumping,27 CAMERON LANE UNKNOWN CAPE TOWN CITY CENTRE
Electricity,9121625191,2026-01-22,Closed,All the lights in Maynard street are not working.,Street Lights - All Lights Out,18 SCOTT STREET UNKNOWN GARDENS
Electricity,9121625857,2026-01-22,Closed,All the lights in Solen and Glynn street are not working.,Street Lights - Single Light Out,0 CORNER GLYNN AND SOLAN GARDENS GARDENS
Electricity,9121625877,2026-01-22,Closed,,Street Lights - All Lights Out,0 BUITENKANT STREET GARDENS GARDENS
Electricity,9121625898,2026-01-22,Closed,All the lights in Buitenkant and Brandweer street are not working.,Street Lights - All Lights Out,0 CORNER GLYNN AND HARRINGTON GARDENS GARDENS
Water & Sanitation,9121631319,2026-01-23,Closed,Water leak in hope street in front of the building number 35Hope street,Leak in Road/Pavement/Undergr,0 HOPE STREET GARDENS GARDENS
Water & Sanitation,9121650443,2026-01-27,Closed,Water leaking in road at appartment building number 20 Wesley street.,Standpipe Damaged/Leaking,20 WESLEY ST GARDENS GARDENS
Roads & Infrastructure,9121651777,2026-01-27,In Progress,Road markings along Barnet Street between Wandel and Vrede Street,Traffic sign - Missing,0 BARNET STREET GARDENS GARDENS
Water & Sanitation,9121653702,2026-01-27,Closed,Sewer water flowing out in the street at number 6 Wandel Street,Blocked/Overflow,4 INCHOLM PLACE UNKNOWN GARDENS
Electricity,9121655617,2026-01-27,Closed,In Maynard street lights are off,Street Lights - Single Light Out,0 CORNER MAYNARD AND UPPER MAYNARD GARDENS GARDENS
Waste Management,9121680442,2026-01-31,Closed,Dumping in corner of Buitenkant street and Wesley street.,Illegal Dumping,0 CORNER BUITENKANT AND WESLEY GARDENS GARDENS
Waste Management,9121679159,2026-01-31,Closed,Dumping in corner of Tuin plein and Hope street.,Illegal Dumping,0 CORNER HOPE AND TUIN CAPE TOWN CITY CENTRE CAPE TOWN CITY CENTRE
Water & Sanitation,9121681451,2026-01-31,Closed,Water leaking on a pipe at Mill and Maynard Street,Flooding Road / Property / Informal Sett,0 CORNER MAYNARD AND MILL GARDENS GARDENS
Waste Management,9121682000,2026-02-01,Closed,Dumping in corner of Buitenkant street and Wesley street.,Illegal Dumping,0 CORNER BUITENKANT AND WESLEY GARDENS GARDENS
Waste Management,9121699911,2026-02-03,Closed,Dumping in corner of Bouquet street and St Johns street.,Illegal Dumping,12 BOUQUET ST CAPE TOWN CAPE TOWN
Waste Management,9121699880,2026-02-03,Closed,Dumping in corner of Wandel street and St Johns street.,Illegal Dumping,Unknown WANDEL ST GARDENS GARDENS
Waste Management,9121699857,2026-02-03,Closed,Dumping in corner of Dunkley street and St Johns street.,Illegal Dumping,10 WANDEL STREET GARDENS GARDENS
Waste Management,9121707869,2026-02-04,Closed,Dumping in corner of Hope street and Tuin plein street.,Illegal Dumping,0 CORNER HOPE AND TUIN CAPE TOWN CITY CENTRE CAPE TOWN CITY CENTRE
Water & Sanitation,9121716500,2026-02-06,Closed,In corner of Hope street and Incholm street water leakage at Business Village.,Leak in Road/Pavement/Undergr,0 CORNER HOPE AND INCHOLM GARDENS GARDENS
Water & Sanitation,9121726223,2026-02-07,Closed,Water hydrant cover needs to be tightened.,Missing Cover Fire Hydrant,0 CORNER HOPE AND TUIN CAPE TOWN CITY CENTRE CAPE TOWN CITY CENTRE
Water & Sanitation,9121737527,2026-02-10,Closed,Leak at fire hydrant in Hope and Roalnd Street,Leak at Fire Hydrant,0 CORNER HOPE AND INCHOLM GARDENS GARDENS
Water & Sanitation,9121740821,2026-02-10,Closed,Infront of building number 6 Wandel street drain need to be fixed.,Blocked/Overflow,6 WANDEL ST GARDENS GARDENS
Water & Sanitation,9121747842,2026-02-11,Closed,Infront of building number 35 Hope street leak need to be fixed,Burst Pipe,35 HOPE ST CAPE TOWN CAPE TOWN
Parks & Recreation,9121748425,2026-02-11,Assigned,"Roots causing defect in the pavement along Wembley Road, nearest corner Clare Street in Gardens",Bush Clearing,6 WEMBLEY ROAD UNKNOWN GARDENS
Roads & Infrastructure,9121748494,2026-02-11,Assigned,"Roots causing defect in the pavement along Wembley Road, nearest corner Clare Street in Gardens",Defect Road Foot Bic Way/Kerbs,"6 WEMBLEY ROAD GARDENS, CAPE TOWN GARDENS"
Roads & Infrastructure,9121750511,2026-02-11,Assigned,Defect in the pavement along Scott street at number 7 nearest corner of Buitenkant street,Defect Road Foot Bic Way/Kerbs,"7 SCOTT STREET GARDENS, CAPE TOWN GARDENS"
Roads & Infrastructure,9121750385,2026-02-11,In Progress,Road reinstatement needed along Roodehek street at number 2 nearest corner of Hope street.,WAT: Re-Instatement after water incident,2 ROODEHEK ST GARDENS GARDENS
Water & Sanitation,9121755690,2026-02-12,Closed,"Water leak at 19 Dunkley place in Gardens, along Wandel Street (opposite tomb tattoo) nearest corner Incholm Place",Burst Pipe,15 DUNKLEY PLACE GARDENS
Traffic,9121756472,2026-02-12,Closed,Illegal ranking along Mill Street outside Jack Hammers and Sloan Square at 173 Buitenkant Street,Illegal Ranking,"173 BUITENKANT STREET GARDENS, CAPE TOWN GARDENS"
Roads & Infrastructure,9121762481,2026-02-13,Closed,The pavement around the water meter has brokendown in corner of Claire street and Roeland street.,Defect Road Foot Bic Way/Kerbs,6 WEMBLEY RD GARDENS GARDENS
Roads & Infrastructure,9121762456,2026-02-13,Closed,The drain cover is broken in corner of Claire street and Roeland street.,Manhole Cover/Gully Grid,0 ROELAND STREET GARDENS GARDENS
Traffic,9121768795,2026-02-13,Closed,Mr Mike 0817412413 phoned in to say that a motorist knocked over a stop sign between Maynard & Roodehek Street.,Traffic sign - Damage,48 MAYNARD STREET UNKNOWN GARDENS
Traffic,1002986824,2026-02-16,Service request completed,Illegal parking on Barnet Street on both sides.,,
Roads & Infrastructure,9121780178,2026-02-16,Closed,Paving needs to be re-instated needed along Buitenkant street at 59 Buitenkant Street nearest corner Roeland Street.,Lowering of Kerbs and Pavements,59 BUITENKANT ST CAPE TOWN CAPE TOWN
Parks & Recreation,9121780226,2026-02-16,Assigned,Dead tree needs to be removed along Glynn Street nearest corner Buitenkant. The closest address is 89 Buitenkant Street,Tree Removal,89 BUITENKANT ST CAPE TOWN CAPE TOWN
Roads & Infrastructure,9121788128,2026-02-17,In Progress,Water reinstatement needed along Glynn Street nearest corner Hope Street. 1 Glynn is the closest address,WAT: Re-Instatement after water incident,1 GLYNN STREET CAPE TOWN CITY CENTRE CAPE TOWN CITY CENTRE
Water & Sanitation,9121780291,2026-02-16,Closed,Water leak at Dunkley Square along Barnet Street at number 50 Barnet. Closest corner is Dunkley Square,Leak in Road/Pavement/Undergr,"50 BARNET STREET GARDENS, CAPE TOWN GARDENS"
Traffic,1002988681,2026-02-17,Service request completed,Illegal parking on Barnet Street on both sides.,,
Water & Sanitation,9121792100,2026-02-18,Closed,Water coming underground in corner of Dunkley street and Barnet street.,Burst Pipe,0 CORNER BARNET AND DUNKLEY GARDENS GARDENS
Water & Sanitation,9121795035,2026-02-18,In Progress,Missing cover along Roeland street nearest corner of Buitenkant street.,Missing Cover Fire Hydrant,46 ROELAND ST CAPE TOWN CAPE TOWN
Water & Sanitation,9121794647,2026-02-18,Registered,Missing cover at 35 Hope street nearest corner of Tuin plein street.,Missing Cover Fire Hydrant,0 CORNER HOPE AND TUIN CAPE TOWN CITY CENTRE CAPE TOWN CITY CENTRE
Water & Sanitation,9121794491,2026-02-18,Registered,Missing cover at 13 Hope street nearest corner of Bouquet street.,Missing Cover Valve,0 HOPE STREET GARDENS GARDENS
Roads & Infrastructure,9121794402,2026-02-18,Closed,Missing kerb at 46 Roeland street nearest corner of Biutenkant street.,Lowering of Kerbs and Pavements,46 ROELAND ST CAPE TOWN CAPE TOWN
Roads & Infrastructure,9121794215,2026-02-18,Closed,Defect in the pavement at 56 Roeland street nearest corner of Buitenkant street.,Defect Road Foot Bic Way/Kerbs,56 ROELAND TER CAPE TOWN CAPE TOWN
Roads & Infrastructure,9121793973,2026-02-18,Assigned,Bollard need to be replaced at 66 Roeland street nearest corner of Upper Canterbury road.,Bollard/Guard/Handrails,66 ROELAND ST GARDENS GARDENS
Water & Sanitation,9121793660,2026-02-18,Closed,Missing cover along Upper Canterbury street nearest corner of Roeland street,Missing Manhole Cover,100 UPPER CANTERBURY ST GARDENS GARDENS
Roads & Infrastructure,9121793574,2026-02-18,In Progress,Defect in the pavement along Wembley square at number 6 nearest corner of Clare street.,Defect Road Foot Bic Way/Kerbs,6 WEMBLEY RD GARDENS GARDENS
Water & Sanitation,9121793400,2026-02-18,Closed,Blocked drain in corner of Mckenzie street and Wembley street.,Blocked/Overflow,0 CORNER MCKENZIE AND WEMBLEY GARDENS GARDENS
Roads & Infrastructure,9121793360,2026-02-18,Closed,Defect in the road on Wembley road at number 10 corner of Clare street.,Defect Road Foot Bic Way/Kerbs,10 WEMBLEY RD GARDENS GARDENS
Water & Sanitation,9121793318,2026-02-18,Closed,Missing cover along Roodehek street nearest corner of Clare street.,Missing Cover Fire Hydrant,0 CORNER CLARE AND ROODEHEK GARDENS GARDENS
Roads & Infrastructure,9121793002,2026-02-18,Closed,Defect in the road along Roodehek street at number 5 nearest corner of Buitenkant street.,Defect Road Foot Bic Way/Kerbs,5 ROODEHEK ST GARDENS GARDENS
Water & Sanitation,9121792946,2026-02-18,Assigned,Water reinstatement needed at 2 Roodehek street nearest corner of Hope street.,WAT: Re-Instatement after water incident,2 ROODEHEK ST GARDENS GARDENS
Traffic,9121803708,2026-02-19,Closed,Illegal ranking along Mill Street outside Sloan Square at 173 Buitenkant Street,Illegal Ranking,173 BUITENKANT STREET GARDENS GARDENS
Electricity,9121820137,2026-02-22,Closed,"A street light in front of 58 Maynard street, Gardens is not working.",Street Lights - Single Light Out,58 MAYNARD STREET UNKNOWN GARDENS
Waste Management,9121820154,2026-02-22,Closed,Illegal dumping on the corner of Hope & Tuin Plein street.,Illegal Dumping,27 CAMERON LANE UNKNOWN CAPE TOWN CITY CENTRE
Water & Sanitation,9121827354,2026-02-23,Assigned,18 Barnet Street nearest corner nearest corner Gordon Street. Water reinstatement needed,WAT: Re-Instatement after water incident,18 BARNET ST GARDENS GARDENS
Parks & Recreation,9121827394,2026-02-23,Assigned,Tree trimming needed along Buitenkant between Wesley and Glynn Street. Nearest address is 125 Buitenkant,Tree Trimming,85 HOPE STREET CAPE TOWN CITY CENTRE CAPE TOWN CITY CENTRE
Water & Sanitation,9121828265,2026-02-23,Assigned,Blocked drain at 25 Hope Street,Blocked Drain,25 HOPE ST CAPE TOWN CAPE TOWN
Waste Management,,2026-02-23,Closed,Law Enforcement issued one warning to a man who dumped sold waiste between Hope & Tuin Plein street.,,
Roads & Infrastructure,9121830034,2026-02-23,Closed,"Defect in the pavement along Barnet Street at number 56, nearest corner Dunkley Street",Defect Road Foot Bic Way/Kerbs,56 BARNET ST GARDENS GARDENS
Roads & Infrastructure,9121829985,2026-02-23,Closed,Defect in the pavement along Wandel Street at 2 Wandel Street nearest corner Vrede Street,Defect Road Foot Bic Way/Kerbs,2 WANDEL ST GARDENS GARDENS
Roads & Infrastructure,9121829627,2026-02-23,Assigned,Road markings needed at Incholm Place nearest corner Wandel Street,Paint Markings Lines & Signs,4 INCHOLM PL GARDENS GARDENS
Roads & Infrastructure,9121829666,2026-02-23,Closed,Road markings needed along Wandel Street between Vrede Street and Glynville Street,Paint Markings Lines & Signs,2 WANDEL ST GARDENS GARDENS
Roads & Infrastructure,9121834664,2026-02-24,Closed,Defect in the pavement at 35 Hope Street nearest corner Tuin Plein,Defect Road Foot Bic Way/Kerbs,12 TUIN PLEIN UNKNOWN CAPE TOWN CITY CENTRE
Roads & Infrastructure,9121838695,2026-02-24,Closed,Defect in the pavement at 75 Riet Lane nearest corner Glynn Street,Defect Road Foot Bic Way/Kerbs,75 RIET LANE CAPE TOWN CITY CENTRE CAPE TOWN CITY CENTRE
Waste Management,9121841386,2026-02-25,Closed,Illegal dumping between Hope & Scott street.,Illegal Dumping,115 SCHOONDER STREET GARDENS GARDENS
Water & Sanitation,9121847077,2026-02-25,Closed,Missing survey marker at 1 Glynville Street nearest corner Barnet Street,Missing Cover Valve,1 GLYNN ST CAPE TOWN CAPE TOWN
Water & Sanitation,9121841950,2026-02-25,In Progress,Missing cover along Courville nearest corner Hopeville,Missing Cover Valve,8 HOPEVILLE STREET GARDENS GARDENS
Water & Sanitation,9121858428,2026-02-27,Closed,The drain need to be fixed at Hope street and Mill street next to building 123 Hope street.,Blocked/Overflow,"123 HOPE STREET GARDENS, CAPE TOWN GARDENS"
Water & Sanitation,9121863769,2026-02-27,In Progress,Reinstatement needed ata 9 Vrede street nearest corner of St Johns road,WAT: Re-Instatement after water incident,0 VREDE STREET GARDENS GARDENS
Water & Sanitation,9121863686,2026-02-27,In Progress,Reinstatement needed ata 7 Vrede street nearest corner of St Johns road,WAT: Re-Instatement after water incident,0 VREDE STREET GARDENS GARDENS
Water & Sanitation,9121865964,2026-02-27,Closed,There is water leak in Roeland street next to white house.,Leak in Road/Pavement/Undergr,0 ROELAND STREET GARDENS GARDENS
Water & Sanitation,9121871046,2026-03-01,Closed,There is a blocked drain in hope street next to building number 123 Hope street,Blocked/Overflow,"123 HOPE STREET GARDENS, CAPE TOWN GARDENS"
Water & Sanitation,9121877441,2026-03-02,In Progress,32 Scott Street nearest corner Solan Street. Water reinstatement required,WAT: Re-Instatement after water incident,32 SCOTT ST GARDENS GARDENS
Electricity,9121877437,2026-03-02,Closed,Exposed wires at 23 Scott Street nearest corner Solan Street,Cable Exposed,"23 SCOTT STREET GARDENS, CAPE TOWN GARDENS"
Roads & Infrastructure,9121886703,2026-03-03,In Progress,Defect in the pavement at 10 Tuin Plein nearest corner Hope Street,Defect Road Foot Bic Way/Kerbs,"10 TUIN PLEIN CAPE TOWN CITY CENTRE, CAPE TOWN CAPE TOWN CITY CENTRE"
Roads & Infrastructure,9121886770,2026-03-03,Closed,"Defect in the pavement along the wall at 10 Tuin Plein, nearest corner Hope Street.",Defect Road Foot Bic Way/Kerbs,"10 TUIN PLEIN CAPE TOWN CITY CENTRE, CAPE TOWN CAPE TOWN CITY CENTRE"
Water & Sanitation,9121886806,2026-03-03,In Progress,"Missing cover at 10 Tuin Plein Street, nearest corner Hope Street",Missing Cover Valve,"10 TUIN PLEIN CAPE TOWN CITY CENTRE, CAPE TOWN CAPE TOWN CITY CENTRE"
Roads & Infrastructure,9121886850,2026-03-03,Closed,Request for a loading bay road marking outside 10 Tuin Street nearest corner Hope Street.,Traffic sign - Missing,"10 TUIN PLEIN CAPE TOWN CITY CENTRE, CAPE TOWN CAPE TOWN CITY CENTRE"
Water & Sanitation,9121890462,2026-03-03,In Progress,Water leak at 2A Wesley Street nearest corner Hope Street,Leak at Valve,"2 WESLEY STREET GARDENS, CAPE TOWN GARDENS"
Roads & Infrastructure,9121916276,2026-03-07,In Progress,Defect along the pavement at 2 Scott Street nearest corner Hope Street,Defect Road Foot Bic Way/Kerbs,2 SCOTT ST GARDENS GARDENS
Roads & Infrastructure,9121916282,2026-03-07,Closed,Defect on the pavement at 18A Scott nearest corner Buitenkant,Defect Road Foot Bic Way/Kerbs,18 SCOTT ST GARDENS GARDENS
Water & Sanitation,9121916268,2026-03-07,In Progress,Missing survey marker cover at 18 Scott Street nearest corner Maynard Street,Missing Cover Valve,18 SCOTT ST GARDENS GARDENS
Water & Sanitation,9121916303,2026-03-07,In Progress,Missing survey marker at 19 Maynard Street nearest corner Wesley Street,Missing Cover Valve,"19 MAYNARD STREET GARDENS, CAPE TOWN GARDENS"
Water & Sanitation,9121916309,2026-03-07,Closed,Defect along the pavement at 2 Scott Street nearest corner Hope Street,Missing Cover Valve,5 MAYNARD ST GARDENS GARDENS
Water & Sanitation,9121916315,2026-03-07,In Progress,Missing survey marker at 5 Maynard Street nearest corner Glynn Street,Missing Cover Valve,"5 MAYNARD STREET GARDENS, CAPE TOWN GARDENS"
Water & Sanitation,9121916321,2026-03-07,Assigned,Water reinstatement needed at 118 Harrington Street nearest corner Roeland Street,WAT: Re-Instatement after water incident,118 HARRINGTON ST GARDENS GARDENS
Roads & Infrastructure,9121916328,2026-03-07,Assigned,Defect in the pavement at 62 Roeland Street nearest corner Maynard Street,Defect Road Foot Bic Way/Kerbs,62 ROELAND ST GARDENS GARDENS
Water & Sanitation,9121916260,2026-03-07,Registered,Water leaking from water meter in front of 78 McKenzie Street,Leak on Treated Effluent Meter,78 ROELAND STREET UNKNOWN GARDENS
Parks & Recreation,9121931615,2026-03-10,Assigned,"A request to plant trees along Solan Street, nearest corner Wembley Road",Tree Planting,11 WEMBLEY SQUARE GARDENS
